{
  "train_loss": [
    0.48709479884968865,
    0.4284407278453862,
    0.3920204885028027,
    0.39793062265272494,
    0.3875108935214855,
    0.4095301526012244,
    0.3716806624498632,
    0.31524354798926246,
    0.3220179997108601,
    0.31435909653427424,
    0.38404203675411364,
    0.33735677130796293,
    0.34943552411816736,
    0.3384477301604218,
    0.33499993894387176,
    0.3122108628352483,
    0.3340987593487457,
    0.30756409286900804
  ],
  "val_loss": [
    0.46597269773483274,
    0.42832931876182556,
    0.3631709814071655,
    0.41422380059957503,
    0.3965578079223633,
    0.3521162509918213,
    0.29494423419237137,
    0.35395812541246413,
    0.3073010236024857,
    0.28064301460981367,
    0.25709656774997713,
    0.2860144302248955,
    0.268704629689455,
    0.25727815479040145,
    0.2660616025328636,
    0.3018170952796936,
    0.2863630071282387,
    0.28293038457632064
  ],
  "val_f1": [
    0.7522321428571428,
    0.8500092131932928,
    0.8377192982456141,
    0.7501875468867216,
    0.8235186204366172,
    0.8373626373626374,
    0.8647660818713451,
    0.8102564102564103,
    0.8644688644688645,
    0.9052496798975672,
    0.8647660818713451,
    0.8783561643835616,
    0.8783561643835616,
    0.8511066398390341,
    0.8648648648648649,
    0.851324200913242,
    0.8377192982456141,
    0.8506696019079067
  ],
  "val_acc": [
    0.7567567465303142,
    0.8513513398466035,
    0.837837826515705,
    0.7567567465303142,
    0.8243243131848066,
    0.837837826515705,
    0.8648648531775021,
    0.8108107998539081,
    0.8648648531775021,
    0.9054053931701974,
    0.8648648531775021,
    0.8783783665084005,
    0.8783783665084005,
    0.8513513398466035,
    0.8648648531775021,
    0.8513513398466035,
    0.837837826515705,
    0.8513513398466035
  ]
}